related_event,title,text
event_01,Ermordung des österreichischen Thronfolgers,"Serajewo (Hauptstadt Bosniens), 28. Juni
Heute vormittag wurde hier der Erzherzog Franz Ferdinand mit seiner Gemahlin, der Fürstin Hohenberg, von einem bosnischen Lyzeumschüler erschossen, nachdem ein Bomben-Attentat den Wagen des Erzherzogs verfehlt und nur die Insassen des zweiten Wagens, Herren des Gefolges, schwer, zum Teil tödlich verletzt hatte. Die Revolverschüsse trafen das Fürstenpaar, als es zum Besuche der Verwundeten nach dem Spital fuhr."
event_03,Militärische Operationen,"Wien, 28. Juli
Die österreichischen Truppen haben die österreichisch-ungarische Grenze überschritten und im Vormarsch auf Mitrowitz den pogrammässigen Punkt erreicht. Die Serben wurden überall zurückgeworfen. In Wien wurden die Nachrichten vom Ausbruch der Feindseligkeiten mit stürmischem Jubel aufgenommen."
event_04,Kriegszustand in Europa,"Paris, 2. August 
Aus Petersburg wird vom 1. August gemeldet: Der deutsche Botschafter hat Samstag abend 7 Uhr 30 im Namen seiner Regierung dem russischen Minister des Aeussern die Kriegserklärung überreicht."
event_06,Die Kriegserklärung Englands,"Berlin, 5. Aug. (Wolff.)
Gestern abend kurz nach 7 Uhr erschien der englische Botschafter Sir Goschen auf dem Auswärtigen Amte, um den Krieg zu erklären und seine Pässe zu verlangen."
event_08,Grosse Verluste bei den Russen,"Berlin, 31. Aug. (Wolff.)
Der Grosse Generalstab teilt mit, dass bei den Grossen Kämpfen, in denen die russische Armee in Ostpreussen bei Tannenberg, Hohenstein und Ortelsburg geworfen wurde, nach vorläufiger Schätzung  über 30.000 Russen mit vielen hohen Offizieren in  Gefangenschaft gerieten. Betreffend Hindenburgs Ostarmee wird gesagt, dass derselbe ersichtlich durch seine Operationen, die noch im nordöstlichsten Teil Ostpreussens operierende russische Riemen-Armee unter General Rennenkampf von ihrer rückwärtigen Verbindungs-Linie nach Russland habe abschneiden und in dieser Lage zur Entscheidungsschlacht zwingen wollen. Nachdem Hindenburg den linken russischen Flügel geschlagen und aufgerollt habe, wodurch er in den Rücken von Rennenkampf kam, habe dieser schleunigst auf allen noch freien Strassen den vollen Rückzug angetreten, um einem ähnlichen Schicksal, wie es die bei Tannenberg vernichtete Narew-Armee, ereilte, zu entgehen. Hindenburg habe sich in scharfer Verfolgung an die Fersen der nordöstlich nach dem Riemenfluss zurückgehenden Russen geheftet, deren nächstes Ziel vielleicht der Festungsbezirk Kowno sei. Ob sich die Russen bei dem Rückzug nochmals zur Schlacht stellen, oder ob und welche Teile von ihnen sonst noch Hindenburg bei der Verfolgung erwischen konnte, werde wohl erst in einigen Tagen bekannt werden. Jedenfalls sei auch die zweite der angekündigten drei grossen Offensiv-Armeen der Russen, die zum Stosse «gegen Berlin» angesetzt waren, nicht über die Uranfänge ihrer Taten hinaus gekommen."
event_11,Der Fall Przemysls,"R. Wien, 23. März
Fast so lange als der Krieg währt, hat sich Przemysl gegen Angriff und Einschliessung zu wehren gehabt. Mitte September, nachdem ganz Mittel- und Ostgalizien von den Russen besetzt worden war, erschienen die ersten feindlichen Truppen vor der Festung. Völlig abgeschnitten war ihre Besatzung von den übrigen Heeren der Monarchie, allein auf sich angewiesen. Anfang Oktober glaubte der Kommandant der russischen Belagerungstruppen, dass Przemysl zum Fall reif sei. Als der Kommandant, General Kusmanek, die Aufforderung zur Uebergabe mit stolzer Ablehnung beantwortet hatte, setzte der Sturm der Russen auf die Festung ein. In diesen furchtbaren Kämpfen boten die Russen, die sich zur Niederringung der Festung den bulgarischen General Dimitriew verschrieben hatten, fünf Armeekorps auf; nach einer Beschiessung aus schweren Festungs- und Schiffsgeschützen, die Tage und Nächste ununterbrochen andauerte, trieb Dimitriew seine Truppen zum Sturmangriff gegen die Festungswälle, die Drahtverhaue, Wolfsgräben und Flatterminen. Ungeheure Menschenopfer kosteten den Russen diese unbeschreiblich blutigen Kämpfe, diese Sturmtaktik ihres Führers; auf 70.000 Tote und Verwundete bezifferten sie ihre Verluste, während die Verluste der Verteidiger ausserordentlich gering waren. Der Sturmangriff brach in dem schrecklichen Feuer der Oesterreicher zusammen, die Russen brachen die Belagerung ab und zogen sich gegen Osten zurück und am 12. Oktober rückten die Oesterreicher unter Boroebic in dem entsetzten Przemysl ein."
event_13,Der «chemische Angriff» der Deutschen bei Ypern,"7. Mai 1915 
B.Z. In den amtlichen französischen Berichten über den erfolgreichen Vorstoss der Deutschen bei Ypern am 29. April, der den Franzosen und Engländern nebst einer empfindlichen Einbusse an Gelände etwa fünfzig Geschütze gekostet haben soll, wird als bemerkenswertes Detail gemeldet, dass die Deutschen auch mit «erstickenden Gasen» operiert hätten. Nach den einen Angaben soll es sich dabei um Bomben gehandelt haben, die beim Explodieren diese Gase entwickelten, nach einer andern Version sollen die Deutschen, unmittelbar vor dem Angriff, die französischen Linien mit «giftigen Gasen» überschwemmt haben, deren Wirkung noch 1 – 2 Km. hinter der Front wahrzunehmen gewesen sei. Nach seither bekannt gewordenen Berichten soll vor den deutschen Linien ein eigentliches Röhrensystem angelegt worden sein, welches nach Eintritt der gewünschten Windrichtung (Bise) geöffnet wurde und dichte Schwaden eines «grünlichen Gases» gegen die feindlichen Linien getrieben habe. Die erstickende Wirkung dieser Gase sei so stark gewesen, dass es den englischen und französischen Truppen unmöglich gewesen, in ihren Stellungen auszuharren, sie vielmehr genötigt worden seien, einen überstürzten Rückzug anzutreten. Klangen die ersten Meldungen über diese Neue Kampfmethode vielleicht etwas unglaubwürdig, so scheint heute kaum mehr ein Zweifel darüber zu bestehen, dass in der Tat mit Gasen operiert wurde; auch die deutschen Zeitungen geben dies zu und streichen sogar die Vorteile ihres Systems heraus. Es lässt sich nun nicht bestreiten, dass mit diesem neuen Kampfmittel unter günstigen lokalen Verhältnissen, wie sie gerade bei dem oft auf engstem Raum sich abspielenden Stellungskrieg in Flandern sich darbieten, günstige Erfolge sich erzielen lassen. Soweit aus ärztlichen Rapporten ersichtlich, kann es sich bei fraglichen Angriffen kaum um ein anderes Gas als Chlor handeln. Die neue Angriffswaffe der Deutschen. Ein deutscher Staatsangehöriger schreibt uns: In der letzten Zeit erfuhren wir aus den deutschen Berichten, dass sich ihre Feinde einer ganz neuen Waffe bedienten. Granaten waren mit giftigen Gasen gefüllt, die beim Platzen ausströmten, im grossen Umkreis  sich ausbreiteten und die Gegner töteten, selbst dann, wenn die Splitter der Geschosse sie nicht erreichten. Auf die Verwendung von Gasgranaten durch ihre Gegner antworteten die Deutschen mit einer Verbesserung und Vervollkommnung dieser Angriffswaffen: der Verwendung vorwärtsdringender Rauchwolken. Was bei den Gasgranaten in beschränktem Massstabe erreicht wird, Betäubung und Vergiftung der Feinde, wird hier in grossem Umfang angestrebt. Die letzten Kämpfe haben bewiesen, dass es möglichist, gewaltige Rauchmassen auf einmal gegen den Feind vorzuschicken und in grosser Ausdehnung seine Front anzugreifen. Diese neue, gewaltige Angriffswaffe verdankt ihre Vervollkommnung der Idee eines deutschen Gelehrten."
event_13,Aus einem deutschen Feldpostbrief aus Ypern,"9. Mai 1915
«Der Angriff des Gegners wurde siegreich abgewiesen; am nächsten Morgen sahen wir das Ergebnis: ein grosses Feld besät mit Leichen und Verwundeten. Dass es auch bei uns nicht ohne Verluste abging, ist ja selbstverständlich, die unsrigen stehen aber in keinem Verhältnis zu denen des Gegners. In den folgenden Tagen und Nächten versuchte der Feind, uns unter Einsetzung ungeheurer Kräfte unsere eroberten Stellungen wieder zu entreissen, wir gaben aber nicht nach und hielten zäh fest an dem, was wir erstritten hatten.»"
event_13,Sir J. French meldet vom 25. Mai,"Einige Teile unserer Linie östlich von Ypern, die gestern während des feindlichen Gasangriffs verloren gingen, sind bis jetzt noch nicht wieder besetzt worden. Die Menge des verwendeten Gases war grösser als je bisher. Entlang einer Front von fünf Meilen wurde das Gas aus Zylindern während 4 ½ Stunden ausgeströmt, während unsere Linie gleichzeitig durch Bomben mit betäubendem Gas beschossen wurde. Das Gas stieg stellenweise vierzig Fuss hoch. Einzelne Teile unserer Stellungen blieben intakt, während unsere Leute bewiesen haben, dass bei Verwendung geeigneter Vorsichtsmassregeln dieser Form des Angriffs begegnet werden kann."
event_15,Der Cunarddampfer «Lusitania» torpilliert,"10. Mai 1915
Die Aufregung in Amerika über den Untergang der «Lusitania», der so viel unschuldigen amerikanischen Bürgern das Leben gekostet hat, ist ungeheuer. Zum erstenmal seit Ausbruch des Krieges hat sich das Publikum zu Manifestationen gegen Deutsch-Amerikaner hinreissen lassen. Allgemein erklärt man, dass Präsident Wilson sein Prestige verlieren wird, wenn er auch jetzt nicht einschreitet. Die Erregung ist beinahe ebenso gross wie nach dem Untergang der «Titanic». Theodor Roosevelt bezeichnet die Torpillierung des Passagierdampfers als einen einfachen Akt der Piraterie. «Das ist der Krieg, den die Zerstörer von Löwen und Dinani führen, die Leute, die Hunderte von Männern, Frauen und Kindern in Belgien hingeschlachtet haben. Kein Amerikaner wird den Krieg verstehen, der gegen unschuldige Ozeanreisende geführt wird. Wir sind es der Menschheit, aber auch uns selbst und unserer nationalen Ehre schuldig, in dieser Angelegenheit einzugreifen.»"
event_19,Westlicher Kriegsschauplatz,"Berlin, 2. Juli. (Wolff. Amtlich. Grosses Hauptquartier, 2. Juli.) 
In einer Breite von etwa vierzig Kilometern begann gestern der seit vielen Monaten mit unbeschränkten Mitteln vorbereitete grosse englisch-französische Massenangriff nach siebentägiger starker Artillerie- und Gasvorwirkung auf beiden Ufern der Somme sowie Ancrebaches. Von Sommecourt bis in die Gegend von La Boiselle errang der Feind keine nennenswerten Erfolge, erlitt aber sehr schwere Verluste. Dagegen gelang es ihm, in die vordersten  Linien der beiden an die Somme stossenden Divisionsabschnitte einzudringen, so dass vorgezogen wurde, diese Divisionen aus den völlig zerschossenen, vordersten Gräben in die zwischen erster und zweiter Stellung liegende Riegelstellung zurückzunehmen. Das in den vordersten Linien fest eingebaute, übrigens unbrauchbar gemachte Material ging hierbei, wie stets in solchen Fällen, verloren. In Verbindung mit dieser grossen Kampfhandlung fanden vielfach Artilleriefeuerüberfälle sowie mehrfach kleinere  Angriffsunternehmungen auf den Anschlussfronten, auch westlich und südöstlich von Tahnre, statt. Sie scheiterten überall. Der gegnerische Flugdienst entwickelte grosse Tätigkeit. Unsere Geschwader stellten den Feind an vielen Stellen zum Kampf und haben ihm schwere Verluste beigebracht. Es sind vorwiegend in der Gegend der Angriffsfront und im Maasgebiet fünfzehn feindliche Flugzeuge abgeschossen worden, davon acht englische, drei französische in unsern Linien. Oberleutnant Freiherr von Althaus hat seinen siebten Gegner ausser Gefecht gesetzt. Wir haben kein Flugzeug verloren, wenn auch einzelne Führer oder Beobachter verwundet worden sind."
event_19,Operationen im Somme-Gebiet,"Paris, 5. Juli. (Havas) Sp. 
Unsere Beute an Material beläuft sich gegenwärtig auf zehn Batterien, darunter fünf grosskalibrige, einige Maschinengewehre und Schützengrabenmörser. Nach peinlich genauen Erkundigungen sind unsere Verluste ganz gering. Das eine und andere Dorf wurde ohne Verluste an Menschenleben erobert. Da und dort betrugen die Verluste eines Armeekorps nur einige Hundert Tote und Verwundete. Dieses günstige Ergebnis verdanken wir der Genauigkeit unseres Zerstörungsfeuers, das in den gegnerischen Reihen verheerend wirkte. Es ist immerhin möglich, dass in den Operationen im Somme-Gebiet demnächst eine Pause eintreten wird, die das Vorrücken der Artillerie ermöglichen soll zur methodischen Bearbeitung der zu erobernden neuen Stellungen. Zu gleicher Zeit dauert der Kampf vor Verdun mit Erbitterung fort. Die Deutschen, die vor dem Werk Thiaumont während der Nacht sechsmal zurückgeschlagen worden waren, vermochten sich im Lauf des Nachmittags desselben wieder zu bemächtigen. Da wir seit dem 1. Juli dieses Werk bereits viermal besessen haben, so darf mit aller Wahrscheinlich angenommen haben, dass auch diesem Erfolg nur eine provisorische Bedeutung zukommt."
event_21,Europas Selbstmord,"20. September 1916
Heute von Frieden, von Mediation über Intervention zwischen den Krieg­füh­ren­den reden wollen, sieht beinahe kindisch aus. Diesem Völkermorden, das sich zu immer grösserer Raserei entwickelt, Einhalt tun wollen, das erscheint fast, als ob ein einzelner Mensch sich auf den Eisenbahnschienen  aufstellen wolle, um einen in voller Fahrt daherbrausenden Expresszug aufzuhalten. Und doch darf man nicht ablassen, davon zu sprechen, und selbst den Fluch der Lächerlichkeit nicht scheuen; denn wer diesen  systematischen Vorbereitungen zum Selbstmord Europas schweigend und teilnahmlos zusehen kann, der hat kein Herz und kein Gewissen. Man wird mir antworten: «Ganz recht; aber gibt es ein Mittel, diesem Kriege ein Ende zu bereiten, und noch dazu jetzt, bevor alle die grossen militärischen Unternehmungen, welche in diesen Tagen an allen Fronten begonnen haben oder im Gang sind, eine Entscheidung herbeigeführt haben? Ein Krieg wird nur durch die Niederlage des Gegners beendet, wird man sagen, und die ist bis jetzt auf keiner Seite zu erkennen. Keiner der Kämpfenden wird vor einer solchen Entscheidung einer von dritter Seite kommenden Intervention zugänglich sein.» Ich antworte darauf, gerade jetzt ist es notwendig einzugreifen, denn jeder Tag, jede Stunde kann noch so und so viele junge, kräftige, hoffnungsvolle Menschen vom Tode retten. Ist denn das Leben dieser Hunderttausende es nicht wert, dass man einmal die altmodische Etikette durchbricht und aufgibt, die verlangt, dass erst einer am Boden liegen muss, bis der Kampf von den Diplomaten als beendet erklärt werden darf? Diese Etikette war gut zurzeit der Kabinettskriege und der Söldnerheere, als noch relativ kleine Armeen von Berufssoldaten sich gegenüberstanden. In die heute Zeit, für den gegen­wärtigen Völkerkrieg passt sie nicht mehr. Heute muss man sich endlich dazu entschliessen, die alte Routine über Bord zu werfen und auch hier wie in so vielem andern umzulernen. Alexander Prinz zu Hohenlohe.
"
event_21,Zwischen Ancre und Somme,"28. September 1916 -t. 
An der Sommefront hat zu Anfang der letzten Septemberwoche ein erneuter englisch-französischer Massenstoss eingesetzt, den man als den fünften numerieren kann. Er unterscheidet sich von seinen Vorgängern, namentlich von dem in der ersten Septemberwoche unternommenen vierten Massenstoss, durch die  engere Umgrenzung seiner Angriffsfront und durch das noch geschlossenere Zusammenarbeiten zwischen den englischen und französischen Sturmkolonnen. Die frühern  Massenoffensiven umfassten nicht nur den zwischen der Ancre und der Somme liegenden Frontraum, sondern sie dehnten sich auch, und zwar von Angriff zu Angriff weiter ausgreifend, auf das Gelände südlich der Somme aus, so dass Gefechtsfronten von 40 Km. Ausdehnung entstanden. Der gegenwärtigen englisch-französische Angriff ist auf den Raum zwischen der Ancre und der Somme beschränkt geblieben und hat sich dabei erst noch auf die Front Flers-Combles-Rancourt-Bouchavesnes  konzentriert. Seine Ausdehnung ist dabei mit 25 bezw. 10 Kilometer genügend bemessen. Wie in so manch anderm bietet daher auch hierin das von den Franzosen und Engländern an der Sommefront eingeschlagene Verfahren eine Parallele mit dem von den Deutschen vor Verdun geübten; denn auch da sind, je länger die Offensive gedauert hat, die Angriffsfronten beschränkter und individualisierter geworden. Der neue englisch-französische Angriff liefert aber auch zugleich den Beweis, wie vorsichtig man in der Beurteilung einer Kriegslage und der sich aus ihr ergebenden weitern Möglichkeiten sein muss. Die von verschiedenen militärischen Kritikern schon längst auf den Aussterbeetat verwiesene Stosskraft ist noch keineswegs erlahmt, was am besten aus den neuestens gemachten Fortschritten hervorgeht. Bei den verschiedenen englisch-französischen Waffenstössen ist der Frontbereich südlich der Somme immer mehr ausgedehnt worden. Hatte er beim ersten nur in die Gegend von Estrées gereicht, so hat er beim vierten bis gegen Chaulnes-Chilly ausgegriffen, so dass daraus gefolgert worden ist, es sei hier eine neue französische Armee in die Front eingeschoben worden. Doch lässt sich das nicht positiv behaupten, da man in Frankreich wie in Deutschland mit solchen Mitteilungen aus begreiflichen Gründen sehr zurückhaltend ist. Sicher ist nur, dass es die oberste französische Heeresleitung verstanden hat, für die Operationen an der Somme eine ganz bedeutende Truppenzahl zur Verfügung zu stellen. Nach den deutschen amtlichen Meldungen sollen, wie schon einmal erwähnt worden ist, beim vierten Massenstoss, der Anfang September begonnen hat, die etwa 40 Km. Frontraum mit 24 Divisionen belegt gewesen sein. Ein deutscher Bericht offiziösen Ursprungs will sogar wissen, dass bereits 90 Divisionen nach der Somme instradiert worden sind, wobei die Engländer mehr als die Hälfte beigetragen haben. Aber, wie gesagt, solche Zahlen lassen sich wohl aufstellen und behaupten, aber, wenigstens vorläufig, weder nachweisen noch kontrollieren. Das kann mit einiger Sicherheit erst dann geschehen, wenn sich die Archive und Feldakten der kriegs­geschicht­lichen Geschichtschreibung öffnen. Aber bis das geschieht, wird noch geraume Zeit verstreichen. Es ist auch noch nicht  genau zu ermitteln, welche Streiterzahl jeweils bei den verschiedenen englisch-französischen Massenstössen südlich der Somme engagiert gewesen ist. Es kann dies höchstens annähernd  dadurch geschehen, dass man die deutsche Schätzung für die vierte Offensive mit 24 Divisionen auf 45 Km. Front von der Ancre bis Chaulnes-Chilly zugrunde legt. Dann ergibt sich, gleichmässige Kräfteverteilung vorausgesetzt, für das 20 Km. Messende Frontstücksüdlich der Somme eine Belegung mit 10 Divisionen. Amtliche belgische Mitteilung: Nichts besonderes auf der belgischen Front."
event_21,Der europäische Krieg,"Paris, 12. Dez. (Havas.) 
Seit Beginn der Schlacht an der Somme hat der Feind an der französischen und englischen Front 137 Divisionen ins Gefecht geführt. Die Gesamtzahl der von den Deutschen eingestandenen Verluste erhöht sich bis zum 3. Oktober auf 330‘000 Mann, ohne die von 71 Bataillonen zu rechnen. Erkundigungen aus bester Quelle beweisen, dass die wirkliche Ziffer der Verluste dieses amtliche Eingeständnis beträchtlich übersteigt. Man muss die Gesamtzahl um zwei Drittel erhöhen, um die  Verlustzahl für den Oktober und November zu erhalten, ebenso diejenige der Bataillone, so dass man auf 550‘000 Mann kommt. Fügt man die nicht veröffentlichte Zahl der Verluste an Verwundeten hinzu, die rund ein Viertel umfassen, also 140‘000 Mann,  rechnet man dazu etwa 100‘000 Tote infolge Krankheiten, und Tote, die nicht auf den Listen aufgezeichnet sind, so erhält man also eine Gesamtzahl von über 700‘000 Mann.
"
event_25,Armee- und Flottenbefehl des Kaisers,"Wien, 13. Dez. (Wiener Korr.-Bureau.) 
Der Kaiser erliess nachstehenden Armee- und Flottenbefehl: «An meine Soldaten der Armee und der Flotter! Gottes gnädige Hilfe, eurer und unserer neuen Verbündeten Tapferkeit und Ausdauer haben eine Lage geschaffen, die unsern endgültigen Sieg nicht mehr zweifelhaft erscheinen lässt. In dem Bestreben, in dieser schweren Zeit den standhaft ausharrenden Völkern die Segnungen des Friedens wieder zu geben, haben ich und meine erlauchten Bundesgenossen den Versuch zur Herbeiführung eines ehrenvollen Friedens unternommen. Ich bete zum Allmächtigen, dass er diesen Schritt mit seinem Segen geleite. Ich bin aber auch sicher, ihr werdet mit gleichem Heldenmut weiterkämpfen, bis der Friede geschlossen ist, oder bis ihr den Feind entscheidend geschlagen habt.»"
event_27,Revolution in Russland,"Petersburg, 16. März. (Pet. Tel. Ag. Vom 14. März.) 
Die Bevölkerung verzeifelt über die völlige Desorganisation im Transport- und Verpflegungswesen. Sie befand sich seit langem in dumpfer Erregung gegen die Regierung. Diese hatte in Befürchtung von Unruhen umfassende Massnahmen ergriffen. Sie schrieb u.a. die Auflösung des Reichsrates und der Duma vor. Die Duma beschloss jedoch am 11. März, dem kaiserlichen Ukas nicht zu gehorchen und weiter zu tagen. Sie setzte sofort einen Ausschuss ein,  dem zwölf Mitglieder angehören. Den Vorsitz führt Rodzianko. Dieses Komitee erklärte sich als provisorische Regierung und erliess folgenden Aufruf: Angesichts der inneren, durch die Politik der alten Regierung verschuldeten Desorganisation sieht sich der  Ausschuss der Duma gezwungen, die öffentliche Versorgung selbst zu übernehmen. Bis jetzt ist sich der Ausschuss der von ihm gefassten Beschlüsse voll bewusst und gibt seiner Zuversicht Ausdruck, dass die Bevölkerung und das Heer ihn in seiner  schwierigen Aufgabe und bei der Schaffung  einer neuen Regierung, die den Wünschen des Volkes entspricht und Vertrauen geniesst, unterstützen werden. Der Ausschuss, unterstützt von der revolutionären Bevölkerung und der Garnison von Petersburg, hat sich mit über 30‘000 Mann ganz den Revolutionären angeschlossen, verhaftete alle Minister und liess sie ins Gefängnis werfen, da die Duma das Kabinett als nicht bestehend angesehen hat. Heute am dritten Tage der Revolution befindet sich die ganze  Hauptstadt, wo die Ordnung rasch wieder hergestellt war, im Besitze des Ausschusses der Duma und der sie unterstützenden Truppen. Der Abgeordnete Engelhard, Oberst im Generalstab, wurde vom Ausschuss zum Kommandanten von Petersburg ernannt. Gestern abend erliess der Ausschuss Aufrufe an die Bevölkerung, an die Truppen, an das Personal der Eisenbahnen, der Banken usw., und ersuchte sie darin, das normale Leben wieder aufzunehmen."
event_27,Alle Minister im Gefängnis,"Berlin, 15. März. ag 
Das Wolffbureau verbreitet als Meldung der Petersburger Telegraphenagentur folgende Nachricht: In Petersburg ist die Revolution ausgebrochen. Ein aus zwölf Dumamitgliedern bestehender Exekutivausschuss ist im Besitze der Macht. Alle Minister wurden ins Gefängnis gebracht. Die Garnison der Hauptstadt, bestehend aus 30‘000 Mann, vereinigte sich mit den Revolutionären. Am Donnerstag (Mittwoch), am dritten Tage der Revolution, war die Ordnung in der Hauptstadt wieder hergestellt. Der Deputierte Engelhardt wurde vom Ausschuss zum Kommandanten von Petersburg ernannt."
event_27,Zar verzichtet auf seinen Thron,"Mailand, 16. März. ag 
Die Zeitungen verbreiten ein Telegramm der Stefaniagentur, aus London vom 15. März, das besagt, Bonar Law habe in der Kammer verkündet, der Zar von Russland habe auf seinen Thron verzichtet uns an seine Stelle sei der Grossfürst Nikolaus Alexander gewählt worden."
event_27,Grossfürst Michael Alexandrowitsch zum Regenten gewählt,"London, 16. März. (Reuter.) 
Bonar Law teilte im Unterhaus mit, der Zar habe abgedankt. Grossfürst Michael Alexandrowitsch sei zum Regenten ernannt worden. (Wolff.)"
event_27,Reaktionen auf die Rückkehr Lenins,"Petersburg, 20. April. Sp. (P. T.-A.) 
Die Blätter stehen der Rückkehr des politischen Emigranten Lenin sehr ablehnend gegenüber. Das «Russkoje Woljo» stellt fest, dass die Rede, die Lenin seit seiner Rückkehr in sein Vaterland gehalten hat, alle diejenigen sehr erregt habe, denen die Zukunft Russlands am Herzen liegt. Lenin hatte in seiner Rede der provisorischen Regierung empfohlen, mit Deutschland in Friedensunterhandlungen einzutreten. Die Zeitung sagt: Als wir Lenin sprechen hörten, haben wir den Eifer verstanden, mit dem die deutschen Behörden bereit waren, die Durchfahrt Lenins durch deutsches Gebiet zu bewilligen. Lenin und seine Kameraden, die die Regierung Kaiser Wilhelms II. als Friedenstauben betrachtet, sind den deutschen Interessen sehr nützlich. Das «Russkoje Woljo» fügt bei, es sehe zwischen Lenin und dem früheren Ministerpräsidenten Stürmer keinen grossen Unterschied, da beide die Absicht verfolgten, Russland um jeden Preis einen unehrenhaften und wenig vorteilhaften Frieden aufzuzwingen. Nach dieser Zeitung würde die Politik Lenins zu einem Bruche Russlands mit seinen Alliierten und zu einer militärischen Niederlage Russlands führen. Die «Rjetsch» führt aus, dass der Umstand, dass Deutschland Lenin und seinen Genossen die Durchfahrt durch deutsches Gebiet erlaubte, hinreichend zeige, wie ferne diese Herren den Interessen Russlands stünden. Möge Lenin wissen, schliesst die «Rjetsch», dass der Weg zum Herzen Russlands nie durch Deutschland geht! Die «Wetcherna Wremja» und die «Nowoje Wremja» sprechen sich in ähnlichem ablehnenden Sinne aus. 
Die Blätter lehnen die Forderung des in seine Heimat zurückgekehrten russischen Emigranten Lenin ab, der in einer Rede von der provisorischen Regierung verlangt hatte, in Friedens­ver­hand­lungen mit den Zentralmächten einzutreten. Der Umstand, dass die deutsche Regierung Lenin und seinen Genossen die ungehinderte Durchfahrt durch deutsches Gebiet gewährt habe, sei ein Anzeichen dafür, dass die Politik Lenins nicht zum Nutzen Russlands sei."
event_27,Lenin trifft in Petersburg ein,"Aus deutschen Berichten. Berlin, 16. April. 
Wie dem «Lokalanzeiger» aus Stockholm telegraphiert wird, erliessen die Führer der russischen äussersten Linken Lenin und Stepanow folgenden Aufruf: «Stürzt die Regierung, welche die Früchte der mit dem Blute des Volkes erkauften Revolution vernichten will. Eine Verschwörung englischer und französischer Imperialisten hat Miljukow, Gutschkow und Genossen gekauft, damit die Fortsetzung des Eroberungs­krieges gesichert werde, damit neue Millionen russischer Arbeiter und Bauern aufgeopfert werden, um Konstantinopel für Gutschkow zu verschaffen. Syrien den französischen, Mesopotamien den englischen Kapitalisten auszuliefern. Das englische Kapital will die Fortsetzung und Verschärfung des Blutbades durchsetzen; darum unterstützt England Gutschkow und Miljukow, welche nach der siegreichen Volkserhebung die Macht an sich gerissen haben. Die Engländer haben Deutschland wegen seiner überlegenen Industrie angegriffen. Auch der Krieg zeigte die deutsche Industrie weit überlegener, als sie angenommen hatten. Dadurch wurde der Schrecken und der feige Neid aller Deutschland bekriegender Länder vermehrt usw.» Auch die gemässigten Sozialisten forderten den Sturz des Ministeriums. Der neueste Bericht Larcos im «Corriere della Sera» behandelt: den zunehmend schärfer werdenden Parteizwist und den Gegensatz zwischen dem kriegsfreundlichen Sozialisten Plechanow und dem kriegsfeindlichen Lenin. (Vgl. das Agenturtelegramm.) Plechanow  erklärte, die Begeisterung der westlichen Demokratien für die russische Revolution werde verdunkelt von den Besorgnissen über ihre Rückwirkung auf den Krieg. «Ich kenne die heutigen Sozialisten sehr gut, sagte er, und kann nur bestätigen, dass sie mehrheitlich die Ansichten der imperialistischen Annexionisten teilen. Russland muss den Krieg bis zum Sieg fortsetzen, um die errungene Freiheit zu sichern. Die Formel 'Frieden ohne Annexionen und ohne Entschädigungen' ist ein Unsinn und bedeutet die Rechtfertigung der deutschen Eroberungen und Brutalitäten. Wie kann man nur das Entschädigungsprinzip für Belgien und das durch Oesterreich verwüstete Serbien verneinen?» Aus diesen Worten geht hervor, dass Plechanow im Sinne des Vierverbandes arbeitet. Um ihn zu bekämpfen, ist Lenin eingetroffen, der bekannte vordem in der Schweiz wohnhafte russische Revolutionär. Lenin, der Führer der Bolschewiki­sozialisten, traf am 17. April mit einigen Getreuen in Petersburg ein. Die Reise durch Deutschland, die bereits Proteste einzelner Bolschewiki­gruppen hervorrief, zeigt, wie Deutschland seine Tätigkeit einschätzt. Nach deutscher Auffassung muss Lenin in Russland die deutschen Interessen wahr­nehmen, Lenin, der einstige Universitätsprofessor in Moskau, ist unbestreitbar ein Mann von Kultur mit grossen Verdiensten um die russische Revolution. Ehrenhaft in seinem privaten Leben, ist er einer jener leidenschaftlichen und hartnäckigen Dogmatiker, wie man sie oft unter den russischen Revolutionären findet. Seine von idealen Gründen beseelte Tätigkeit entspricht in der Praxis einer gewaltigen Unterstützung der deutschen Sache. Dabei ist es nötig, beizufügen, dass nicht alle Anhänger Lenins politisch und in ihrem Privatleben so ehrenhaft sind wie ihr Führer und dass seine Theorien auf alle Fälle den Dämmergeist der russischen Arbeitermasse desorientieren müssen. Um Lenin sammeln sich Arbeitergruppen, die schon in den ersten Tagen der Revolution einen ausgesprochenen Kampfwillen zeigten. Sie bewaffnen sich. Am 17. April gab General Kornikow bekannt, dass während der Unruhen aus dem Artilleriearsenal 40‘000 Gewehre und 30‘000 Revolver weggetragen und in der Menge verloren gegangen seien. Es kann als sicher gelten, dass der grosse Teil dieser Waffen in den Händen der revolutionären Bolschewikigruppe geblieben ist. Sie lassen die Absicht neuer Zusammenstösse erkennen, bei denen ausser der provisorischen Regierung die beiden sich entgegengesetzten Figuren  Plechanow und Lenin hervortreten. "
event_27,Diskussionen über einen Separatfrieden in Russland,"Mailand, 21. April.
Der Petersburger Korrespondent des «Corriere» schreibt, Miljukow versichere in der «Rjetsch» als Antwort auf das deutsche und österreichische Separatfriedensangebot, die Versuche der Gegner seien unnütz, denn Russland werde nie einen Separatfrieden abschliessen. Die «Prawda» dagegen, das Organ der Bolschewiki, erklärt, der Gedanke eines Separatfriedens habe für Russland nichts Unehrenhaftes an sich; denn die Verträge, die Russland an den Vierverband binden, seien vom alten Regime geschlossen worden. In einer Ansprache behauptete Lenin, das Proletariat habe einen schweren Fehler begangen, dass es die Regierung nicht sofort an sich riss. Jetzt gelte es, zu handeln und die provisorische Regierung durch einen Arbeiter-Soldatenrat zu ersetzen. Polizei, Heer und Bureaukratie müssten vollständig verschwinden. Die Zuhörer, darunter auch Tscheidse, hätten aber das Programm Lenins entschieden abgelehnt.
Laut «Corriere della Sera» wird sich eine Vertretung italienischer interventionistischer Sozialisten nach Petersburg begeben, um mit den russischen interventionistischen Sozialisten zu konferieren. – Das gleiche Blatt erfährt aus  Petersburg: Es wird bestätigt, dass Lenin in Deutschland nicht nur mit Scheidemann, sondern auch mit Männern der Regierung und der deutschen und österreichischen Kanzlerschaften Besprechungen hatte über Einleitung eines neuen Separatfriedensversuchs mit Russland. In den Verhandlungen legt Lenin die Nutzlosigkeit des Krieges dar und wendet sich hauptsächlich gegen Frankreich und England."
event_28,Zu Wilsons Kriegsbotschaft,"Aus der deutschen Presse. Berlin, 4. April. Sp. 
Zu Wilsons Kriegsbotschaft schreibt der «Lokalanzeiger» u.a.: Nicht weil sich Wilson einem deutschen Verbot nicht fügen will, hält er den Krieg für unvermeidlich, sondern weil das einzige Mittel, das wir besitzen, um diesem Verbot Achtung zu verschaffen, nach seiner Ansicht das Völkerrecht verletzt. Wilson sagt, dass eine Unter­werfung unter das Verbot die «Verletzung der heiligsten Gefühle Amerikas» zur Folge haben würde. Kann er denn irgendeine vernünftige Antwort auf die Frage geben, warum die Unterwerfung unter das von England längst verkündete Verbot des Verkehrs mit deutschen Häfen kein amerikanisches Recht verletzt? Er kann die Frage nicht beantworten, und darum ist der Krieg, zu dem er sich  ermächtigen lassen will, ein Krieg ohne Ziel und ohne vernünftigen Sinn, ein Krieg, in den ein Volk von hundert Millionen gestürzt werden soll, ohne dass ihm irgend ein Vorteil daraus erwachsen kann, ein Krieg, der zugleich auch einen Bruch mit allen politischen Anschauungen bedeutet. Die «Daily Mail» schreibt: Die Rede Wilsons war ein Appell an das amerikanische Volk, seine grosse Aufgabe wieder aufzunehmen, für die Lincoln sein Leben hingegeben hat. Wilson verlangt den Krieg gegen die Dynastie der  Hohenzollern, welche fälschlich glaubten, dass die Amerikaner degeneriert seien. Die Amerikaner sind immer dieselbe Rasse, die den Sezessionskrieg gekämpft haben. Die Lage ist jetzt die gleiche. Die Freiheit ist in Gefahr. Die freien der Staaten der Welt müssen den Mechanismus des preussischen Militarismus zerstören. Um die Wahrheit zu sagen, zeigt das deutsche Volk weder den Wunsch noch die Fähigkeit, frei zu sein. Die «Daily News» sagt, dass die Rede Wilsons einen tiefen Eindruck in England hervorgebracht habe. «Man kann sich leicht vorstellen, welchen Stoss die öffentliche Meinung in Deutschland erhalten wird, wo das Volk seit Kriegs­beginn vollständig falscher Ansicht über den Seelenzustand in den Vereinigten Staaten und über den Charakter  Wilsons war. Diese Tatsache wird niemand überraschen, da Deutschland sich auch über die geistige Verfassung in England irrte. Der gegenwärtige Krieg ist ein Krieg zwischen den politischen Systemen, denn der Kampf, der Europa und die Welt in Trauer  versetzt, war nicht das Werk von Demokratien, aber wohl dasjenige der unheilvollen Einflüsse, welche mit den Geschicken der Demokratien spielen. Russland stürzte die Autokratie, die eine ständige Gefahr für seine Existenz war. Auch Wilson begriff, wo die Gefahr lag, und er geht direkt an die Quelle des Uebels, das die Menschheit bedroht. Er erklärt, dass der Krieg eine Befreiung der Menschen und der Nationen von der Tyrannei der Despoten sein muss.»"
event_28,Amerika im Kriegszustand,"Washington, 5. April. (Havas.) 
Der Senat hat mit 82 gegen 6 Stimmen die Kriegsresolution angenommen.
Die Kommission der äussern Angelegenheiten der Kammer nahm einige leichte Abänderungen an der von der Kommission für die auswärtigen Angelegenheiten des Senats aufgestellten Resolution Loofs vor. Sie stimmte einer Annahme durch die Kammer zu. Die Kammer, der Senat und der Kongress werden bis zur Erreichung einer Lösung in Permanenz tagen."
event_28,Kriegszustand zwischen den USA und Deutschland,"Washington, 6. April. (Havas.) 
Die Kriegsresolution wurde in der Kammer mit 373 gegen 50 Stimmen angenommen. Die Arbeit des Kongresses ist damit beendet. Der Kriegszustand zwischen den Vereinigten Staaten und Deutschland ist nun offiziell. "
event_28,Der europäische Krieg,"7. April 1917 -t-. 
Das unstreitig bedeutendste und folgenschwerste Ereignis der hundert­undvierzigsten Kriegswoche ist die Erklärung des Kriegszustandes mit Deutschland durch den Senat der Vereinigten Staaten von Nordamerika, welchem Beschlusse, wie zu erwarten war, auch das Repräsentantenhaus beigetreten ist. Das ist allerdings noch keine Kriegsbegebenheit, aber es bedeutet doch den Eintritt der Vereinigten Staaten in den Krieg, und zwar auf seiten der Entente. Diese Wendung der Dinge ist in materieller  wie in moralischer Beziehung von solch enormer Tragweite, dass man sich im Wochenbericht lediglich mit ihrer Erwähnung begnügen, ihre Erörterung aber auf eine andere Gelegenheit verschieben muss."
event_28,Österreichisch-ungarischer Botschafter in Washington abgezogen,"Wien, 6. April. (Wiener Korr./Bureau.) 
Wie die Blätter vernehmen, wurde der österreichisch-ungarische Botschafter in Washington, Graf Tarnowski, angewiesen, die diplomatischen Beziehungen zu den Vereinigten Staaten abzubrechen und  für die Botschaft und die Konsulate die Pässe zu verlangen, wenn der Kongress den Antrag Wilsons ratifiziert, dass der Kriegszustand zwischen Amerika und Deutschland besteht. Das «Fremdenblatt» sieht in diesem Vorgehen Oesterreich-Ungarns einen Schritt, der angesichts des unlöslichen Bündnisses und der in so überragender Weise besiegelten Waffen­brüderschaft zwischen Oesterreich-Ungarn und dem Deutschen Reiche als selbstverständlich erscheinen und auch wohl den allgemeinen Erwartungen entsprechen würde."
event_28,Deutsche Schiffe in New York beschlagnahmt,"New-York, 7. April. (Havas.) 
Die Behörden begannen die deutschen Schiffe, von denen sich 27 in New-York befinden, zu beschlagnahmen. Auch die deutschen Dampfer von Boston und New-London wurden beschlagnahmt."
event_28,«Ereignis von ungeheurer Tragweite»,"8. April 1917 Aus der englischen Presse. London, 7. April. (Reuter.) 
Die «New-Statesman» schreibt: Der endgültige Eintritt der Vereinigten Staaten in den Krieg vollzog sich mit einem Minimum von dramatischen Nebenumständen. Aber es ist ein Ereignis von ungeheurer Tragweite. Der Entschluss Amerikas, der auf die russische Revolution folgte, fand seinen Abschluss in der Vereinigung der hauptsächlichsten Streitkräfte der Welt auf der gegenwärtigen Kriegslinie. Heute wird offen zwischen dem angriffslustigen Despotismus und der fried­liebenden Demokratie Krieg geführt. Die Beleidigung der kleinen Nationen, die Befreiung der unterdrückten Völker, die Aufrechterhaltung des Rechts der Leute nehmen ihren wahren Platz in dem Gemälde ein. Sie stellen darauf die Festen des Friedens und der Freiheit vor. "
event_31,In Petersburg regieren die Bolschewiken,"Von der italienischen Grenze. 27. Sept. S. 
Die diplomatischen Vertreter des Vierverbandes in Petersburg haben, wie der «Corriere della Sera» aus London vernimmt, bei der provisorischen Regierung über die Möglichkeit einer Usurpation der höchsten Macht durch die Maximalisten sondiert. Aussenminister Terestschenkow gab beruhigende Zusicherungen ab. Nach einem Bericht des «Daily Telegraph» zu schliessen, scheinen indessen die in Petersburg anwesenden Minister dieVorbereitungen zur demokratischen Versammlung mit Besorgnis zu verfolgen. Im Petersburger Sovjet haben die Bolschewiki das Uebergewicht erreicht. Sie setzten einen Beschluss durch, wonach das dem aus gemässigten Elementen bestehenden Exekutivausschuss ausgesprochene Zutrauensvotum annulliert wird. Infolgedessen hat auch der Moskauer Exekutivausschuss seinen Rücktritt erklärt."
event_31,Ministerpräsident Lenin,"28. September 1917. Die bolschewikische Regierung. Jn. 
In der letzten seiner drei Sitzungen wählte der vom Petersburger «Sovjet» einberufene Kongress der russischen Arbeiter- und Soldatenräte vierzehn Volkskommissäre, die die eigentlichen Funktionen der Minister erfüllen und zusammen die provisorische Regierung der Bolschewiki bilden sollen. Das Präsidium in diesem Ministerrat hat Lenin (Uljanow), das Auswärtige das Haupt der jüngsten Bewegung Trotzki (Brons) übernommen. Mit dem Kommissariat für den öffentlichen Unterricht wurde der Maximalist Lunatscharski betraut, der noch kurz vor dem Petersburger Aufstand in Moskau weilte, um dort eine parallel mit der Petersburger Revolte laufende maximalistische Bewegung vorzubereiten. Zum Minister des Innern wurde der Bolschewik Rykow ernannt. Das Kriegs- und das Marineministerium wurden unter die Leitung dreier Kommissäre gestellt, von denen einer wegen seiner Teilnahme an der Julirevolte bis zum Ausbruch des jüngsten Aufstandes sich in Untersuchungshaft befand. Das Verkehrsministerium hat der Eisen­bahnerverband in seine Hände genommen, der jedoch den Maximalistenputsch nicht mitmacht und, wie Skobelew schon am 9. November mitteilte, sich dem Wohlfahrtsausschuss angeschlossen hat. Indessen wirken nicht nur die Eisenbahner, sondern überhaupt die Staats­beamten der usurpatorischen Regierung der «Bolschewiki» entgegen. Der Verband der Staatsbeamten erliess am 9. November einen Appell an seine sämtlichen Mitglieder, und forderte diese auf, die Arbeit unverzüglich niederzulegen, um den Maximalisten die Ausübung der Regierungsgewalt unmöglich zu machen. Die grosse Mehrheit der Beamten gehorchte diesem Aufruf. So verliess das gesamte Personal des Finanz-, des Handels- und des Aussenministeriums schon am 8. und 9. November, nach der Verhaftung und der Flucht der Minister der Kerenskischen Regierung seine Posten. Der Vizeminister des Aeussern Njeratow und die übrigen Gehilfen Terestchenkows unterliessen indessen nicht, den Sovjet aufzufordern, das Ministerium des Auswärtigen und seine Archive vor jedem Gewaltakt zu schützen, da sie sich bezüglich der dort aufbewahrten diplomatischen Dokumente nicht nur Russland, sondern auch den Alliierten gegenüber für verantwortlich halten. Inwiefern diese Aufforderung ihren Zweck erreicht hat, ist unbekannt, und es bleibt abzuwarten, ob die Bolschewiki nunmehr, da sie die Gelegenheit dazu besitzen, ihr seit Monaten wiederholtes Postulat der Veröffentlichung der Geheimverträge der russischen Regierung mit den Alliierten ausführen werden. Von befugter Seite wurde dem Vertreter des «Nieuwen Rotterdamschen Courants» im Laufe eines politischen Gesprächs die folgende Erklärung abgegeben: «Wir haben den Friedensantrag der Bolschewiki zur Kenntnis genommen, aber noch nicht darauf geantwortet, da wir nicht wissen, wie gross ihre Macht ist und ob sie wirklich das russische Volk hinter sich haben. Falls sich ihre Macht befestigen sollte, können wir mit ihnen verhandeln. Selbstverständlich können wir nur mit dem russischen Volke und nicht mit den zufälligen Beherrschern von Petersburg einen Frieden schliessen. Im übrigen finden Sie unsere Antwort in der Reichstagssitzung vom 19. Juli und in der Antwortnote an den Papst.»"
event_32,Rede von Lloyd George,"8. Januar 1918
Am nächsten Tage sagte Lloyd George in einer im Ton sehr massvollen Rede zu den Friedensbedingungen, wenn Präsident Wilson, Asquith und er selbst betonten, dass der Sieg und die Zerstörung der preussischen Militärmacht eine Hauptbehinderung des Friedens seien, so würden sie nicht von niedriger Rachsucht geleitet, sondern von der Ueberzeugung, dass eine Liga der Nationen, in der die preussische Militärkaste vertreten wäre, eine reine Farce sein würde, und dass nur das deutsche Volk daran teilnehmen könne. Es stimmen die bedeutendsten britischen Staatsmänner dem Grundsatz der von Präsident Wilson formulierten Friedensalternative zu. In ihren Reden kehrt stets wie ein Motto der Gedanke wieder: Entweder ein den Zentralmächten durch einen vollständigen Sieg der Entente auferlegter und nur mit einer ganz neuen deutschen Regierung vereinbarter Friede, oder dann ein mit den jetzigen Beherrschern des Deutschen Reiches abgeschlossener Friede, dessen eine Folge aber der Ausschluss Deutschlands von allen wirtschaftlichen Beziehungen mit seinen heutigen Gegnern und die Weigerung wäre, es in die Liga der Nationen aufzunehmen."
event_32,Das Friedensprogramm Wilsons,"1. Den öffentlich abgeschlossenen Friedensvertrag, dem keine Sonderabkommen, welcher Natur auch immer sie sein mögen, mehr folgen sollen. Die Diplomatie soll künftig frei und öffentlich verhandeln.
2. Freiheit der Schiffahrt auf den Meeren ausserhalb der Hoheitsgewässer, und zwar ebenso in Friedens- als auch in Kriegszeiten. Ausgenommen ist der Fall, wo die Meere in ihrer Gesamtheit über
teilweise durch eine internationale Aktion mit dem Zweck der Durchführung internationaler Abkommen geschlossen werden.
3. Eine so weit als möglich gehende Unterdrückung aller wirtschaftlichen Schranken und Aufstellung von Handelsbedingungen, die für alle Nationen dieselben sein sollen, soweit diese
dem Frieden beigetreten sind und sich zu dessen Aufrechterhaltung vereinigen. 
4. Genügende Garantien für die Verminderung der nationalen Armeen bis zu dem äussersten Mass, das auch zur Aufrechterhaltung der innern Sicherheit als notwendig erachtet wird.
5. Eine Verständigung über alle kolonialen Fragen, die in weitherziger und vollständig unparteiischer Auffassung abgefasst und auf strikteste Achtung vor dem Grundsatz aufgebaut werden soll, wonach alle Souveränitätsfragen und Interessen der betreffenden Bevölkerungen nach gerechter Abwägung der Forderungen der einzelnen Staaten, deren Besitztitel festgelegt werden soll, erfolgen soll. 
6. Räumung  aller russischen Territorien und Regelung aller Russland betreffenden Fragen in einer Weise, dass dadurch auf das beste und in weitestem Masse die Mitwirkung der andern Nationen sichergestellt wird bei dem Bemühen Russlands, die Unabhängigkeit seiner eigenen politischen und nationalen Entwicklung sicherzustellen. Es soll Russland und der von ihm selbst gewählten Regierung in der Gesellschaft der freien Nationen eine herzliche Aufnahme gewährt werden, um ihm jede Möglichkeit und weitestgehende Unterstützung zu sichern, die es zur Befriedigung seiner notwendigen Bedürfnisse als dringlich empfindet.
7. Die ganze Welt ist darin einig, dass Belgien geräumt und in seiner Souveränität, die es allen andern freien Nationen gleichstellt, wiederhergestellt werden muss. Keine Tat kann besser als diese das Vertrauen der Nationen in die getroffenen Abmachungen untereinander sicherstellen. Ohne diese Tat der Wiedergutmachung wäre der ganze Aufbau und der Wert internationaler Abmachungen für immer innerlich geschwächt.
8. Das französische Gebiet soll befreit und alle belegten Gegenden vollständig wiederhergestellt werden. Das Frankreich durch Preussen im Jahre 1871 betreffend Elsass-Lothringen angetane Unrecht, das den Weltfrieden während fünfzig Jahren gefährdet hat, muss wieder gutgemacht werden, damit der Frieden im Interesse aller wieder gesichert werden kann.
9. Eine Verbesserung der italienischen Grenzen sollte durchgeführt werden, entsprechend der klar erkennbaren Nationalitätenabgrenzung.
10. Den Völkern Oesterreich-Ungarns, von denen wir wünschen, dass ihnen ihr Platz unter den Nationen erhalten bleibe, sollte zum erstenmal die Möglichkeit einer autonomen Entwicklung gegeben werden.
11. Rumänien, Serbien und Montenegro sollen geräumt werden. Es sollen ihnen die besetzten Gebiete zurückgegeben werden. Serbien sollte einen freien Zugang zum Meere erhalten und die Beziehungen unter den verschiedenen Balkanstaaten sollten in
freundschaftlicher Weise geregelt werden, entsprechend den Aspirationen der grossen Mächte und der historischen Entwicklung. Diesen Staaten soll ihre politische und wirtschaftliche sowie ihre territoriale Integrität durch die Mächte garantiert werden.
12. Den Teilen des gegenwärtigen ottomanischen Reiches sollten die Souveränität und Sicherheit garantiert werden, aber die andern Nationalitäten, die gegenwärtig unter dem Regime des ottomanischen Reiches leben, sollen auch ihrerseits eine
gewisse Sicherheit für ihre Existenz geniessen und die Möglichkeit haben, ihre Autonomie zu entwickeln. Die Dardanellen sollen dauernd geöffnet bleiben und eine freie Durchfahrt für die Handelsschiffe unter nationaler und internationaler Garantie herstellen. 
13. Es soll ein polnischer Statt gebildet werden, der alle Gebiete umfasst, die von unbestreitbar polnischen Nationalitäten bewohnt sind. Polen soll einen freien Zugang zum Meere, seine politische und wirtschaftliche Unabhängigkeit erhalten und seine territoriale Unantastbarkeit soll sichergestellt werden. Garantien hiefür sollen durch eine internationale Abmachung geschaffen werden.
14. Eine allgemeine Gesellschaft der Nationen soll gebildet werden auf Grund besonderer Abmachungen, die gegenseitige Garantien für die politische und territoriale Unabhängigkeit aller dieser grossen Staaten enthalten. 
Wilson fügt zum Schluss bei, dass Amerika zur Erreichung der vorstehenden Abmachungen und Verträge bereit sei, zu kämpfen und durchzuhalten, bis diese Vorschläge verwirklicht sind."
event_32,Die Kapitulation der Maximalisten,"Stockholm, 20. Febr. (Havas.) 
Der Soviet der Volkskommissäre richtete nachstehendes Radiogramm an die Regierung des Deutschen Reiches: «Der Soviet der Volkskommissäre legt Verwahrung dagegen ein, dass die deutsche Regierung ihre Truppen gegen die russische Republik sammelt. Der Soviet hat den Kriegszustand für beendet erklärt und mit der Demobilisierung seiner Armee an der ganzen Front begonnen. Die Regierung der Arbeiter und Bauern Russlands konnte einer derartigen Handlungsweise nicht gewärtig sein, da keine der Waffenstillstandsparteien diesen Waffenstillstand acht Tage vorher gekündigt hat, sei es direkt oder indirekt, wie sie sich durch das Abkommen vom 15. Dezember 1917 verpflichtet haben. Der Sovjet der Volkskommissäre sieht sich angesichts der Verhältnisse zu der Erklärung gezwungen, dass er bereit ist, den von den Vertretern des Vier­bundes in Brest-Litowsk gestellten Bedingungen beizustimmen. Der Soviet der Volkskommissäre erklärt, dass die Antwort auf die von der deutschen Regierung gestellten Bedingungen unverzüglich erteilt werden wird.»"
event_32,Die deutschen Friedensbedingungen,"Paris, 25. Febr. N.K. 
Nach einem Telegramm der Radioagentur aus Petersburg zufolge bietet Deutschland Russland den Frieden unter den Bedingungen an, die in folgendem Text enthalten sind: In Beantwortung der russischen Friedensvorschläge vom 19. Februar wird Deutschland die Friedensverhandlungen mit Russland wieder aufnehmen und den Frieden zu folgenden Bedingungen schliessen:
1. Deutschland und Russland erklären das Ende des Kriegszustandes. Beide Nationen glauben, in Zukunft in friedlichen und freundschaftlichen Beziehungen nebeneinander leben zu können.
2. Die Gegenden, die sich im Westen der in Brest-Litowsk der russischen Delegation bekannt gegebenen Linie befinden und die vorher dem russischen Staate angehörten, hören auf, dem Protektorate Russlands unterstellt zu sein. In der Gegend von Dünaburg wird diese Linie bis zur östlichen Grenze Kurlands vorgeschoben werden. Die frühere Zugehörig­keit dieser Gebiete zu Russland darf ihnen in keinem Falle irgendwelche Verpflichtungen gegenüber Russland auferlegen. Russland verzichtet auf seinen
Anspruch, in die innern Angelegenheiten dieser Länder einzugreifen. Deutschland und Oesterreich-Ungarn beabsichtigen, später das Schicksal dieser Gebiete im Einverständnis mit deren Bevölkerung zu regeln. Deutschland ist bereit, nach
Beendigung der russischen Demobilisation die Gebiete im Osten der oben genannten Linie zu räumen, soweit in Paragraph 3 nicht Gegenteiliges verlautet.
3. Livland und Estland werden sofort von den russischen Truppen und den Roten Garden geräumt und von der deutschen Polizei besetzt, bis die Verfassung dieser beiden Länder ihre soziale Zukunft und ihre politische Ordnung festlegt. Alle Einwohner, welche wegen politischen Mass­nahmen festgenommen wurden, werden sofort in Freiheit gesetzt.
4. Russland wird mit den Völkern der ukrainischen Republik Frieden schliessen. Sowohl die Ukraine wie auch Finnland werden sofort von den russischen Truppen und den Roten Garden geräumt.
5. Russland wird sein möglichstes tun, um der Türkei eine normale Rück­kehr zu ihren früheren Grenzen im östlichen Anatolien zu sichern. Russland anerkennt die Aufhebung der türkischen Kapitulationen.
6. Die  vollständige Demobilisation der russischen Armee sowie der durch die gegenwärtige Regierung geschlossenen Detachements muss sofort dem Ende zugeführt werden.
7. Die russischen Kriegsschiffe im Schwarzen und im Baltischen Meer sowie im Arktischen Ozean müssen sofort bis zum Abschluss eines allgemeinen Friedens in russischen Häfen interniert oder entwaffnet werden. Die Kriegsschiffe der Entente, die sich in der russischen Machtsphäre befinden, werden derselben Behandlung unterworfen werden. Die Handelsschiffahrt im Schwarzen und im Baltischen Meere soll, wie im Vertrag stipuliert wurde, wieder hergestellt werden. Das Auffischen der Minen hat sofort zu beginnen. Die Blockade des Arktischen Ozeans wird bis zum allgemeinen Friedensschluss aufrecht erhalten.
8. Die Handelsverträge, die sich auf die im Jahre 1904 getroffenen Bestim­mungen beziehen, treten wiederum in Kraft laut den im Paragraph 11 der Klausel 2 des Friedensvertrages mit der Ukraine getroffenen Bestimmungen, mit Ausnahme der in Paragraph 11 der Klausel 3 des Handelsvertrages getroffenen Uebereinkunft bezüglich der speziellen Bestimmung im Gebiete des Arktischen Ozeans. Ueberdies soll ausser der hier ursprünglich festgesetzten Punkte die freie und ungehinderte Ausfuhr von Erzen mit dem Beginn der Verhandlungen garantiert werden. Bezüglich des neuen Handelsvertrages wird bestimmt, dass Deutschland die Behandlung der meistbegünstigten Nation mindestens bis 1925 zugesichert wird, auch im Falle der Einstellung des proviso­ri­schen
Regimes und der endgültigen Annahme der Klauseln, die im Paragraph 11 der Klauseln 3 und 15 des Friedensvertrages mit der Ukraine übereinstimmen.
9. Die rechtlichen und politischen Beziehungen werden in Ueberein­stimmung mit den Beschlüssen der ersten Fassung der deutsch-russischen Konvention erfolgen, soweit diese Beschlüsse noch nicht in Kraft getreten sind, insbesondere mit Bezug auf die Entschädigung für Zivilschäden. Die Erledigung dieses Punktes hat im Sinne der deutschen Vorschläge zu erfolgen. Eine Entschädigung hat für die Ausgaben der Kriegsgefangenen einzutreten im Sinne der russischen Vorschläge. Die Russen werden die deutschen Vorschläge bezüglich der Kriegs- und Zivilgefangenen und der Kriegsflüchtlinge anzuerkennen und best­möglichst zu unterstützen haben.
10. Russland verspricht, jede gegen die Staatsangehörigen des Vierbundes und gegen seine politische und militärische Verfassung gerichtete Propaganda und Agitation einzustellen, selbst in den von den Zentralmächten besetzten Ortschaften, gleichviel ob diese Propaganda direkt durch die Regierung oder durch von ihr unterstützte Personen betrieben werde.
11. Die Annahme aller angeführten Bedingungen hat innerhalb 18 Stunden zu erfolgen. Die russischen Bevollmächtigten haben sich sofort nach Brest-Litowsk zu begeben und innerhalb dreier Tage den Friedensvertrag zu unterzeichnen, dessen Ratifikation
sodann innerhalb von zwei Wochen zu erfolgen hat. Berlin, 21. Febr. 1918. Gez.: Der Minister des Auswärtigen: v. Rüblmann."
event_33,Der Frieden mit Russland,"Berlin, 4. März. (Wolff.) Sp. 
Aus dem Grossen Hauptquartier wird gemeldet: Der Kaiser und König richtete aus Anlass des Friedensschlusses mit Russland an den Reichskanzler Grafen v. Hertling folgendes Telegramm: Grosses Hauptquartier, den 3. März 1918. Das deutsche Schwert hat, geführt von grossen Heerführern, den Frieden mit Russland gebracht. Mit tiefer Dankbarkeit gegen Gott, der mit uns gewesen ist, erfüllt mich stolze Freude über die Taten meiner Armee, über die zähe Ausdauer meines Volkes. Dass deutsches Blut und deutsche Kultur hat gerettet werden können, ist mir eine besondere Befriedigung. Empfangen auch Sie für Ihre treue und starke Mitwirkung am grossen Werke meinen warmen Dank! Wilhelm J.R."
event_36,Abdankung Kaiser Wilhelms,"Berlin, 9. Nov. (Wolff. Amtlich.) 
Der Kaiser und König hat sich entschlossen, dem Thron zu entsagen. Der Reichskanzler bleibt noch so lange im Amte, bis die aus der Abdankung des Kaisers, dem Thronverzicht des Kronprinzen des Deutschen Reiches und von Preussen und der Einsetzung der Regentschaft verbundenen Fragen geregelt sind. Er beabsichtigt, dem Regenten die Ernennung des Abgeordneten Ebert zum Reichskanzler und die Vorlage eines Gesetzesentwurfes wegen der sofortigen Ausschreibung allgemeiner Wahlen für eine verfassunggebende deutsche Nationalversammlung vorzuschlagen, der es obliegen würde, die künftige Staatsform des deutschen Volkes, ein­schliesslich der Volksteile, die ihren Eintritt in die Reichsgrenzen wünschen sollten, endgültig festzusetzen. Berlin, den 9. November 1918. Der Reichskanzler: Prinz Max von Bayern."
event_36,Die Krisis in Deutschland,"Rücktritt des Reichskabinetts. Berlin, 9. Nov. ag. 
Wie die «Frankf. Ztg.» Meldet, sind nach dem Ausscheiden der sozialdemokratischen Mitglieder aus dem Kabinett jetzt auch sämtliche bürgerlichen Mitglieder zurückgetreten."
event_36,Kundgebung des neuen Reichskanzlers Ebert,"Berlin, 9. Nov. (Wolff.) 
Der neue Reichskanzler Ebert hat folgende Kundgebung an die deutschen Bürger erlassen: Mitbürger! Der bisherige Reichskanzler Prinz Max von Bayern hat mir unter Zustimmung der sämtlichen Staatssekretäre die Besorgung der Geschäfte des Reichskanzlers übertragen. Ich bin im Begriff, die neue Regierung im Einvernehmen mit den Parteien zu bilden und werde über die Ereignisse der Oeffentlichkeit in Kürze berichten. Die neue Regierung wird eine Volks­regierung sein. Ihr Bestreben wird sein müssen, dem deutschen Volke den Frieden schnellstens zu bringen und die Freiheit, die es errungen hat, zu befestigen. Mitbürger, ich bitte euch alle um eure Unterstützung bei der schweren Arbeit, die unser harrt. Ihr wisst, wie schwer der Krieg die Ernährung des Volkes, die erste Voraussetzung des Volkslebens, bedroht. Die politische Umwandlung darf die Ernährung des Volkes nicht stören. Es muss die erste Pflicht aller in Stadt und Land bleiben, die Produktion von Nahrungsmitteln und ihre Zufuhr in die Stadt nicht zu hindern, sondern zu fördern. Nahrungsmittel­not bedeutet Plünderung und Raub mit Elend für alle. Die Aermsten würden am schwersten leiden, die Industriearbeiter am bittersten betroffen werden. Wer sich an Nahrungsmitteln oder an sonstigen Bedarfsgegenständen oder an den für die Verteilung benötigten Verkehrsmitteln vergreift, versündigt sich aufs schwerste an der Gesamtheit. Mitbürger, ich bitte euch dringend, verlasst die Strasse, sorgt für Ruhe und Ordnung. Berlin, 9. Nov. 1918. Der Reichskanzler: Ebert
Auffällig ist, wie rasch sich im allgemeinen auch monarchistische Kreise anscheinend mit dem Gedanken an die Errichtung einer deutschen Republik abgefunden haben. Natürlich verwerfen sie ganz eine sozialistische Republik, aber dass die im Sturmwind  fortgefegten zwanzig Monarchien in Deutschland sich nicht wieder kurzerhand aufrichten lassen, ist ihnen klar. Wären nur ein Thron oder nur einige gebrochen, so liesse sich noch auf Reparatur später hoffen; aber da das ganze sich gegenseitig stützende Gerüst der zwanzig deutschen Throne und Thrönlein ineinanderstürzte, sind einzelne Sondersparren aus den Trümmern schwerlich je wieder im Rahmen des Reiches wieder aufzurichten. Gerade die sich gegenseitig stützenden vielen Einzel­throne der Bundesfürsten erschienen bisher als Gewähr der monarchischen Staatsform in Deutschland. Nun lassen sich aber bei der Eigenart der deutschen Stämme zwanzig einzelne abgesetzte Fürsten unsäglich schwerer wieder inthronisieren als einige Samtherrscher. Namentlich erscheint das so gut wie unmöglich, weil das bisherige Militärsystem katastrophal in die Brüche gegangen ist, jenes System, in welchem die allgemeine Wehrpflicht ein Volksheer schuf, das durch eine dem Herrscher ganz allein und persönlich verpflichtete, künstlich abgesonderte und privilegierte Offiziersschicht zu einem Instrument des unbeschränkten königlichen Willens wurde. Dieses Instrument monarchischer Gewalt ist unter dem ungeheuren Druck des Weltkrieges an der Lötstelle der beiden ungleichen Metalle auseinander­gegangen und lebt nach menschlichem Ermessen nicht wieder auf. Also auch für die Konservativen und Monarchisten in Deutschland gilt es, sich neu einzurichten, um so mehr, als die Masse des Bürgertums gar nichts dagegen hat, sich mit der Arbeiterschaft über die Errichtung einer demokratischen Republik zu verständigen, namentlich wenn es unter Führung der jetzigen Regierung gelingt, Deutschland vor dem gefürchteten Chaos zu bewahren. Die deutsche Sozialdemokratie steht jetzt vor der gewaltigsten Generalprobe ihrer politischen Staatsfähigkeit. 
"
event_37,Republik Deutsch-Österreich,"Wien, 12. Nov. ag. 
Der deutsch-österreichische Staatsrat beschloss, der heute zusammentretenden Nationalversammlung einen Gesetzesentwurf vorzu­schlagen, in dem Deutsch-Oesterreich als Republik und als Bestandteil der deutschen Republik erklärt wird. Der Staatsrat nahm die Vorlage an."
event_37,Kundgebung des Kaisers,"Wien, 12. Nov. (Wiener Korr.-Bureau.) 
Der Kaiser hat folgende Kundgebung erlassen: Seit meiner Thronbesteigung war ich unablässig bemüht, meine Völker aus den Schrecknissen des Krieges herauszuführen, an dessen Ausbruch ich keinerlei Schuld trage. Ich habe nicht gezögert, das verfassungsmässige Leben wieder herzustellen, und ich habe den Völkern den Weg zu ihrer selbständigen staatlichen Entwicklung eröffnet. Nach wie vor von unwandel­barer Liebe für alle meine Völker erfüllt, will ich für ihre freie Gestaltung meine Person nicht als Hindernis entgegenstellen. Im voraus erkenne ich die Entscheidung an, die Deutsch-Oesterreich über die künftige Staatsform trifft. Das Volk hat durch seine Vertretung die Regierung übernommen. Ich verzichte auf jeden Anteil an den Staatsgeschäften. Gleichzeitig enthebe ich meine österreichische Regierung ihres Amtes. Möge das Volk von Deutsch-Oesterreich in Eintracht und Versöhnlichkeit die Neuordnung schaffen und befestigen. Das Glück meiner Völker war von Anbeginn an das Ziel meiner heissesten Wünsche. Nur der innere Friede kann die Wunden dieses Krieges heilen. Karl m.p.     Lamasch m.p."
event_37,Demonstrationszug sozialdemokratischer Arbeiter,"Wien, 12. Nov. K. 
Die heutige feierliche Proklamation der deutsch-öster­reichischen Republik und des Anschlusses an Deutschland ist selber nicht ohne einen bedauerlichen blutigen Zwischenfall verlaufen. Nach der Beschluss­fassung in der Nationalversammlung gingen die drei Präsidenten, die Mitglieder des Staatsrates und zahlreiche Mitglieder der Nationalversammlung auf die Rampe, um dort die Beschlüsse feierlich zu verkünden. Vor dem Abgeordneten­haus war indessen der Demonstrationszug der sozialdemokratischen Arbeiter und auch eine Anzahl von Deutschnationalen eingetroffen. Ein geringes Aufgebot von Volkswehr und roter Garde, die sich ebenfalls dem Staatsrate zur Verfügung gestellt hatte, war zur Hand. Nach der Rede Dinghofers, der mit einem Hoch auf die Republik schloss, folgte riesiger Beifall; doch hörte man auch Rufe: Hoch die soziale Republik und vereinzelte Rufe: Hoch der Kommunismus. Unmittelbar nachher ereignete sich der erste Zwischenfall: als die rot-weiss-rote Fahne gehisst werden sollte, sprangen einige Leute vor und rissen den weissen Querbalken aus der Fahne, so dass eigentlich nur zwei rote Lappen in die Höhe gingen."
event_38,Die Versailler Bedingungen,"29. Juni 1919 Epilog von Dr. Alfred H. Fried
Am Schluss der denkwürdigen Sitzung der deutschen Nationalversammlung, in der den Versailler Bedingungen zugestimmt wurde, stand der Protest des Abgeordneten Hörsing, der im Namen jener deutschen Volksteile sprach, die durch den Friedensvertrag vom Mutterland abgetrennt werden. «Wir werden auch unser Leben lang die Hoffnung nicht aufgeben, dass früher oder später die durch das Machtgesetz der kurzsichtigen und hasserfüllten Gegner von der Heimat abgetrennten Gebiete zum Vaterland  zurückfallen werden.» Das ist das Gegenstück zu dem Protest der Elsass-Lothringer in der Nationalversammlung zu Bordeaux im Jahre 1871. So stehen denn jetzt die Protestler auf der andern Seite und bekunden, dass das, was jetzt in Versailles  unterzeichnet worden ist, ebensowenig ein Frieden ist wie das, was 1871 in Frankfurt a.M. unterzeichnet wurde, ein Friede war. Nie und nimmer! Nie und nimmer können wir den Krieg mit diesem Vertrag als beendet erachten. Der Vorhang fällt über ein Vorspiel. Gelingt es, im Zwischenakt das Elend gründlich zu überwinden, so ist die Möglichkeit eines Friedens gegeben, wenn nicht, fängt nach kurzer Pause der Gewaltwahnsinn des Krieges von neueman. Fürchterlicher, blutiger, vernichtender als es die vergangenen vier Blutjahre waren. Das darf aber nicht sein; das kann nicht sein."
event_38,Die Unterzeichnung des Friedens,"Paris, 28. Juni. ag. (Havas.) 
Die Unterzeichnung des Friedens begann um 3 Uhr 12. Die deutschen Delegierten haben zuerst unterzeichnet. 
Die Unterzeichnung des Friedens war um 3 Uhr 50 beendet. Es ereignete sich kein Zwischenfall. Es wurde kein Protest abgegeben.
"
event_38,«Für eine von Kriegen befreite Menschheit»,"Schloss Versailles, 28. Juni. 
Versailles hatte für die Friedensunterzeichnung ein Gepräge entfaltet, das die grossen Tage Ludwigs XIV. wieder aufleben liess. An der Strasse von Paris, die die Delegierten benützten, bildeten Kavallerie­regimenter Spalier. Eine unzählige Menschenmenge, die seit morgens früh auf den Beinen war, begrüsste die Ankommenden, während Militärkapellen die verschiedenen Nationalhymnen spielten. Der Zugang zum Schloss ist streng bewacht. Wir gelangen durch die Gemächer des Königs, die zu Post- und Redaktionsbureaus umgewandelt worden sind, in den Spiegelsaal, wo republikanische Garden in Galauniform den Ehrendienst besorgen. Mehrere hundert Journalisten und Eingeladene sind auf den Flügeln postiert, während die alliierten Diplomaten an dem grossen hufeisenförmigen Tische Platz nehmen. Nebenan, auf einem kleinen Louis XV-Tischchen, liegt auf einem weissseidenen Kissen der Friedensvertrag in Folio-Format, dessen Blätter die roten Siegel der Delegierten tragen. Fünf Minuten vor 3 Uhr ist es, aufmerksames Schweigen herrscht. Man sieht Dutasta, wie er sich überzeugt, ob alles in Ordnung sei und ob die alliierten Delegierten vollzählig anwesend seien. So verstreichen einige Minuten. Endlich treten die deutschen Delegierten ein, ihnen voran zwei Weibel und vier alliierte Offiziere. Bell und Hermann Müller und die beiden Räte nähern sich dem Tisch des Präsidenten mit einer leichten Verbeugung. Der Gegensatz ihrer demokratischen Art zur feudalen Versammlung von 1871 ist eindrucksvoll. Präsident Wilson sagte in seiner Abschiedsbotschaft an die amerikanischen Truppen: Der Frieden, den die Alliierten Deutschland auferlegt haben, ist schwer, weil er den Verfehlungen der Deutschen angepasst ist. Aber er stellt keine Forderungen, die sie nicht erfüllen können. Er ist überhaupt nicht ein gewöhnlicher Friedensvertrag, sondern gleichzeitig eine Charte für eine neue von den Kriegen befreite Menschheit. Als die drei Regierungschefs auf der Schlossterrasse erschienen, durchbrach die Menge die Schranken und akklamierte sie als ihre Retter. Der Ruf «Es lebe Clemenceau!» ertönte überall im Versailler Park. Er, wie Wilson und Lloyd George, die dicht nebeneinander gingen, konnten sich den endlosen Zurufen der Menge nicht eher entziehen, als bis sie ihre Wagen bestiegen hatten. Es war ein unvergessliches Schauspiel, das sich denen darbot, die von der Spiegel­galerie beobachten konnten, wie Minister, Generale und Diplomaten mit den Poilus, den Damen der Aristokratie und dem Pariser Volke fraternisierten. Die Springbrunnen spiegelten ihre vergoldeten und silbernen Strahlen in diesem Menschenkaleidoskop. Der Friede war in dem alten Versailler Park eingekehrt und die Blicke der Menge, die sich dem Hotel des Reservoirs zuwandten, schienen weniger hasserfüllt."
event_38,Freudige Genugtuung,"Paris, 29. Juni
Man wünscht in Paris eine schleunige Ratifizierung des Friedensvertrages, von der die Aufhebung der Blockade und die Befreiung der Gefangenen abhängt. Alle Blätter geben ihrer freudigen Genugtuung über die gestrige Zeremonie Ausdruck, mit Ausnahme des «Matin», der seinen Feldzug gegen Clemenceau fortsetzt. Cochin schreibt in der «Humanité», dass das Weltproletariat, das die Macht und den Eigenbesitz erstrebt, die Revidierung dieses Vertrages der internationalen Bourgeoisie übernehmen wird. Dass Wilson das Defensivbündnis zwischen England, den Vereinigten Staaten und Frankreich vor seiner Abreise noch unterzeichnet hat, beruhigt die Besorgnisse der misstrauischen Patrioten."
event_38,Eine neue Weltordnung,"Paris, 30. Juni. ag. (Havas.) 
Wilson hat eine Botschaft veröffentlicht, in der er erklärt, dass der Friedensvertrag unterzeichnet sei und dass er, wenn seine Bedingungen vollständig und aufrichtig eingehalten werden, eine Urkunde der neuen Weltordnung darstellen werde. Der Vertrag ist hart bezüglich der Pflichten und Strafen, die Deutschland auferlegt werden, aber er ist hart, weil das von Deutschland begangene Unrecht gross ist und wieder gutgemacht werden muss. Der Vertrag legt Deutschland nichts auf, was es nicht erfüllen kann, und es kann den Platz, der ihm in der Welt zu Recht zusteht, wieder gewinnen durch eine prompte und ehrliche Einhaltung der Bedingungen. 
"
event_38,"Garantievertrag zwischen Frankreich, den USA und England","Paris, 3. Juli. ag. (Havas.) 
Der Wortlaut des Garantievertrages, der zwischen Frankreichund den Vereinigten Staaten und Grossbritannien abgeschlossen worden ist, und der auf dem Bureau der Kammer aufgelegt wurde, ist folgender: 1. Abkommen zwischen Frankreich und den Vereinigten Staaten. In der Erwägung, dass die Regierungen der Vereinigten Staaten und Frankreich in gleicher Weise von dem Wunsche beseelt sind, den Weltfrieden zu schützen, der durch den am 28. Juni 1919 in Versailles unterzeichneten Friedensvertrag so glücklich hergestellt wurde, ein Vertrag, der dem nicht provozierten Angriff des Deutschen Reiches mit der Niederlage dieser Nacht ein Ende setzte; in Erwägung ferner, dass die Vereinigten Staaten und Frankreich die volle Ueberzeugung haben, dass ein neuer nichtprovozierter, aber von Deutschland gegen Frankreich gerichteter Angriff nicht nur zugleich den Begleitbrief und den Vertrag von Versailles, in welchem die Vereinigten Staaten und die französische Republik vertraglich gebundene Parteien sind, verletzen, sondern Frankreich von neuem die unerträglichen Lasten eines Krieges, den es nicht provoziert hatte, auferlegen und dass ein ähnlicher Angriff von seiten Deutschland von jetzt an, wie das der Vertrag von Versailles festsetzt, einen Akt der Feindseligkeit gegenüber allen Mächten, die im Vertrag unterschrieben haben, bedeuten und zur Folge haben würde, den Weltfrieden zu zerstören, indem er die Staaten Europas direkt und die ganze Welt indirekt in den Kreis hineinreissen würde, wie dies der soeben abgeschlossene Krieg zeigt: befürchten die Regierungen der Vereinigten Staaten und der französischen Republik, dass die Bestimmungen über das linke Rheinufer, die in dem erwähnten Vertrage von Versailles niedergelegt sind, nicht hinlänglich sind, um Frankreich einerseits und den Signatarmächten des Vertrages anderseits Sicherheit und Schutz zu bieten. In Anbetracht dessen haben die Vereinigten Staaten und die Regierung der französischen Republik beschlossen, einen Vertrag zu schliessen, dessen Bestimmungen restlos erfüllt werden müssen, und sich entschlossen, folgendes Abkommen, das von Wilson, dem Präsidenten der Vereinigten Staaten, Lansing, Staatssekretär des Auswärtigen Amtes der Vereinigten Staaten, von Wilson speziell ermächtigt zur Vornahme dieser Handlung, von Clemenceau, Ministerpräsident und Kriegsminister, Pichon, dem Minister des Auswärtigen, von Poincaré zu dieser Handlung speziell ermächtigt, unterzeichnet wird, abzuschliessen, dessen Bestimmungen folgendermassen lauten:
Artikel 1: Im Falle, dass die folgenden, das linke Rheinufer betreffenden Bestimmungen (die in dem am 28. Juni 1919 in Versailles durch die Vereinigten Staaten, die Regierung der französischen Republik und die Regierung des britischen Reiches unterzeichneten, mit Deutschland abgeschlossenen Friedensvertrage stehen, die u.a. folgendes enthalten:
Art. 42: Es ist Deutschland untersagt, Befestigungen zu unterhalten oder zu errichten einerseits auf dem linken Rheinufer, anderseits auf dem rechten Rheinufer westlich einer Linie, die sich 50 Kilometer östlich dieses Flusses hinzieht.
Art. 43: In der in Art. 42 umschriebenen Zone ist es Deutschland ebenfalls untersagt, Streitkräfte zusammenzuziehen oder zu unterhalten, gleichviel, ob sie ständiger oder vorübergehender Natur sind sowie jedes Abhalten von Truppenübungen und der Unterhaltung von Gerätschaften, die dem Zwecke einer Mobilisation dienen könnten.
Art. 44: Falls Deutschland den in Artikeln 42 und 43 vorgesehenen Vorschriften in irgend einer Weise zuwiderhandeln sollte, würde es so behandelt, als unternehme es einen feindlichen Akt gegen die den Vertrag unterzeichnenden Mächte und als ob es den Weltfrieden zu stören versuche Frankreich nicht unverzüglich Sicherheit und geeigneten Schutz bieten würden, können die Vereinigten Staaten gehalten sein, Frankreich im Falle eines von Deutschland ausgehenden Angriffes unverzüglich zu Hilfe zu kommen. 
Artikel 2: Der gegenwärtige Vertrag, der gleich abgefasst ist wie der zum gleichen Zeitpunkt und mit demselben Ziel abgefasste Vertrag zwischen Grossbritannien und der französischen Republik, dessen beglaubigte Abschrift hier beigefügt ist, wird mit dem Augenblicke in Kraft treten, wo der letztere ratifiziert ist. 
Artikel 3: Der gegenwärtige Vertrag wurde dem Rat des Völkerbundes unterbreitet und von diesem anerkannt, indem dieser entscheidet, ob die Mehrheit sich veranlasst sieht, in ihm eine Verpflichtung zu sehen, die mit dem Völkerbundsvertrag übereinstimmt. Er bleibt solange in Kraft, bis der Rat auf Verlangen der einen der beiden Parteien mehrheitlich darüber zu entscheiden haben wird, ob Anlass vorhanden sei, dass der Völkerbund selbst seinen Schutz zusichert. 
Artikel 4: Der gegenwärtige Vertrag wird vor seiner Ratifikation dem französischen Parlament behufs Zustimmung unterbreitet. Er wird dem Senat der Vereinigten Staaten gleichzeitig mit dem Versailler Friedensvertrag unterbreitet, sobald letzterer diesem zur Ratifikation vorgelegt wird. Die Ratifikationsurkunden werden anlässlich der Uebergabe der Ratifikations­urkunden des Versailler Friedensvertrages, oder sobald als möglich ausgewechselt. – Zur Begutachtung werden die bezüglichen  Bevollmächtigten die in französischer und englischer Sprache redigierten Bestimmungen unterzeichnen unter Anfügung der Siegel. In Versailles, am 28. Juni 1919, dem 143. Jahr der Unabhängigkeit der Vereinigten Staaten, im Doppel ausgefertigt. Gez.: Clemenceau, Pichon, Wilson und Lansing.
"